{
  "project_info": {
    "project_number": "816996900410",
    "firebase_url": "https://unidad3-eed39.firebaseio.com",
    "project_id": "unidad3-eed39",
    "storage_bucket": "unidad3-eed39.appspot.com"
  },
  "client": [
    {
      "client_info": {
        "mobilesdk_app_id": "1:816996900410:android:09b38d0ba9ed719c521f03",
        "android_client_info": {
          "package_name": "com.example.ladm_u3_p1_david_alejandro_hernandez_rubio"
        }
      },
      "oauth_client": [
        {
          "client_id": "816996900410-cu9qqdbv5p2opo49fslvrfh7ea8p4vhu.apps.googleusercontent.com",
          "client_type": 3
        }
      ],
      "api_key": [
        {
          "current_key": "AIzaSyAMgy5Nkt4lmv4MbRN37AjPJkqs2sxvM4A"
        }
      ],
      "services": {
        "appinvite_service": {
          "other_platform_oauth_client": [
            {
              "client_id": "816996900410-cu9qqdbv5p2opo49fslvrfh7ea8p4vhu.apps.googleusercontent.com",
              "client_type": 3
            }
          ]
        }
      }
    }
  ],
  "configuration_version": "1"
}